id,equipo_id,nombre,created_at
aafcdleupqdrfpqr93443ayiy,xxvykydpifsapfau72439crkk,"Brasilli Lucas Martin","2026-03-09 18:39:05"
adqngylzysggqsuk17762eojk,xxvykydpifsapfau72439crkk,"Lopez Prato Faustino","2026-03-09 18:39:05"
aedambtwgtwnbbvp08925yqzz,xiixkzqhypqkmtyr19648wlcf,"Montalto Carasusan Gonzalo Martin","2026-03-09 18:39:06"
afntgrpdtrwpvcok95534picb,iqsonebbiywvoxzr63562kwcg,"Gomez Axel Gabriel Darã­O","2026-03-10 13:45:58"
akayomhfruivvmyg19915yiqy,tpuenmmsfepzkuvs52687qkrz,"Valdemoros Tomas","2026-03-09 18:39:08"
almdhlmfugeztdaf03865ceak,niujlcyjulnsrfss48567ijaa,"Abrego Gonzalo Martin","2026-03-09 18:39:04"
amegxdgrdhocslus21603odsn,xxvykydpifsapfau72439crkk,"Pellegrina Rodriguez Lautaro Marino","2026-03-09 18:39:05"
aqzvymwvgdtgupdn66305lksk,buqhdbuybepnrwfj45861sfmv,"Palacios Reyes Gonzalo Agustin","2026-03-09 18:39:05"
awwmooqoziajgtlu69438dnmg,clv9y14tc0002s5sdcij3kdes,"Valdez Valetin Ariel","2026-03-09 18:39:05"
ayqzuxeolapxwyui60900xfrx,qcovjxoltlivasyy94560eqge,"Alvarez Kevin Nicolas","2026-03-09 18:39:04"
balmrtxxdxpadqnk86191dcxn,tziicpsffzkwooln63257wnaj,"Garcia Lautaro Tomas","2026-03-09 18:39:04"
bcuyejmiherqceij57787hpsd,wejbvnpjfddprayi56851nywm,"Vera Facundo","2026-03-09 18:39:05"
bdkwaiyrglasrwnc35863znrr,iqsonebbiywvoxzr63562kwcg,"Riveros Rodrigo Nicolas","2026-03-09 18:39:07"
bffaopyydufwglgt88920mius,buqhdbuybepnrwfj45861sfmv,"Paez Martin Manuel","2026-03-09 18:39:05"
bgnsshgovokfxatt28054vvfh,wejbvnpjfddprayi56851nywm,"Valenzuela Santino Ramon","2026-03-09 18:39:05"
bnwqhmccvnuiqouf28535nksl,niujlcyjulnsrfss48567ijaa,"Chavez Visaguirre Rodrigo Agustin","2026-03-09 18:39:04"
bpgmpupdcgvoddpn91110vbhi,evgubysfaryqquxp91003epne,"Ventrera Nicolas","2026-03-09 18:39:08"
bpkatskbzzdkgyzz45913wcle,iqsonebbiywvoxzr63562kwcg,"Polito Ruiz Jeronimo","2026-03-09 18:39:07"
bptvaactaeirbdew79928qysk,evgubysfaryqquxp91003epne,"Gonzalez Marcos Nicholas","2026-03-09 18:39:04"
bqkcpzelupyfvmig65060bsjv,adrithlvwtdhgcxm44467psde,"Casalegno Gonzalo Ramiro","2026-03-09 18:39:03"
bqzipopvdxoribap48494nuva,clv9y14tc0002s5sdcij3kdes,"Ortiz Gaston Alejandro","2026-03-09 18:39:05"
brmvwyjntpensnxj76646pqbw,niujlcyjulnsrfss48567ijaa,"Andrade Luca Fabrizio","2026-03-09 18:39:06"
bxgrntwurfokntgy10177bjek,adrithlvwtdhgcxm44467psde,"Marquez Tomas Ezequiel","2026-03-09 18:39:03"
bxxxwgcqziarkong18237yusk,adrithlvwtdhgcxm44467psde,"Zorrilla Santiago","2026-03-09 18:39:03"
cczmrnrmnhduiret00744uqwu,evgubysfaryqquxp91003epne,"Barcelo Lombardo Franco Sebastian","2026-03-09 18:39:04"
cfijmpzhyxbbimtm08525eltk,jlmvlskhdofdgywx21537tyml,"Aguilera Gatica Federico Nicolas","2026-03-09 18:39:04"
chjeursuokgvambl23572fxvo,tpuenmmsfepzkuvs52687qkrz,"Ojer Ciro","2026-03-09 18:39:04"
cjdaecvihhgazlfa65420mmai,jlmvlskhdofdgywx21537tyml,"Castro Juan Agustin","2026-03-09 18:39:04"
ckyssdfgsmczasma36802sjko,qcovjxoltlivasyy94560eqge,"Santander Juan Cruz","2026-03-09 18:39:04"
cmedgsbh2001ep4fttfwzd9th,jlmvlskhdofdgywx21537tyml,"Ficarra Bruno","2026-03-09 18:39:04"
cmepq3gso03ofp4cgw28szljx,evgubysfaryqquxp91003epne,"Jury Maximiliano","2026-03-09 18:39:04"
cmffjtzx900gvp4lrhlgi56s1,rvrkcfvivhratbxd30828eoll,"Luvello Pizzagalli Ignacio Daniel","2026-03-09 18:39:05"
cmffkh2zj00iep4lrucu56piq,tythronuthqkvmdl94637zbol,"Ramirez Garcia Facundo Agustin","2026-03-09 18:39:03"
cmfmpla5d00flp4sauhczgh9j,xxvykydpifsapfau72439crkk,"Cuel Temporin Agustin Matias","2026-03-09 18:39:05"
cmfwxjn2g00cup4ze6nbs0qf7,niujlcyjulnsrfss48567ijaa,"Vega Pacheco Álvaro","2026-03-09 18:39:04"
cmlgjswom001tp45a8rxuznsm,qcovjxoltlivasyy94560eqge,"Barbugli Francisco","2026-03-09 18:39:04"
cmlgz1mxe000bp4igoqwnvhc9,uuouhvydksjxykxe23230jxen,"Giuliani Facundo","2026-03-09 18:39:05"
cmls1uysj00h1p4cuifkxm7n4,buqhdbuybepnrwfj45861sfmv,"Correa Matias","2026-03-09 18:39:08"
cmls23hbt00j7p4cuaty1n086,wejbvnpjfddprayi56851nywm,"Dominguez Federico Arian","2026-03-09 18:39:05"
cmls29gnw00kbp4cuqv4cwfc5,iqsonebbiywvoxzr63562kwcg,"Giacobone Tomás","2026-03-09 18:39:07"
cmls2avj600knp4cuf01vdind,uuouhvydksjxykxe23230jxen,"Mondini Jerónimo Maximiliano","2026-03-09 18:39:05"
cmluxd9r7001lp4yibf5pof22,uuouhvydksjxykxe23230jxen,"Bottoni Tomas Lucas","2026-03-09 18:39:05"
cmm233fso0052p4ks6ks4kgf7,rvrkcfvivhratbxd30828eoll,"Aballay Germán","2026-03-09 18:39:05"
cmm23e7o3007jp4ksv9nv26no,tythronuthqkvmdl94637zbol,"Minzer Levatino Emiliano Hernan","2026-03-09 18:39:03"
cmm23uf1t00bjp4ksv8iupalr,tpuenmmsfepzkuvs52687qkrz,"Fernandez Sagasti Juan Manuel","2026-03-09 18:39:04"
cmm23ve3w00c5p4ksavedj9zg,jlmvlskhdofdgywx21537tyml,"Lucero Mauro Nicolas","2026-03-09 18:39:04"
cmm4x5u43004ip47j0pd57fl0,evgubysfaryqquxp91003epne,"Sosa Gonzalo Gabriel","2026-03-09 18:39:08"
cnenfrmhvchussdj23228exgr,clv9y14tc0002s5sdcij3kdes,"Funes Axel Emiliano","2026-03-09 18:39:05"
cricfsiueuecejig72397egrb,iqsonebbiywvoxzr63562kwcg,"Paez Yañez Alfaro Juan Pablo Ezequiel","2026-03-10 13:45:58"
cushioduaggyckgh40129birh,uuouhvydksjxykxe23230jxen,"Polo Matias Alejandro","2026-03-09 18:39:05"
cvcxmfmvrwrcysjt24451treu,buqhdbuybepnrwfj45861sfmv,"Belbruno Enzo","2026-03-09 18:39:05"
cvrmgobezxujryxf51034cqsv,tpuenmmsfepzkuvs52687qkrz,"Cornu Matias Facundo","2026-03-09 18:39:04"
cxhzrcrhdcdvxihf24592yqcd,buqhdbuybepnrwfj45861sfmv,"Spinelli Mauro Emmanuel","2026-03-09 18:39:08"
dbloiblqvfgeqpws31645jjrx,xxvykydpifsapfau72439crkk,"Rojo Tomas Pablo","2026-03-09 18:39:05"
dbwvuursrhjpymdb15300siyo,jlmvlskhdofdgywx21537tyml,"Anastasi Santiago Federico","2026-03-09 18:39:04"
dgsgelyoeqxqpkkb47527ndwy,adrithlvwtdhgcxm44467psde,"Guiñez Tomas","2026-03-09 18:39:03"
dnxgkpkjblslopjy97529rvuf,rvrkcfvivhratbxd30828eoll,"La Mendola Diego Alexis","2026-03-09 18:39:05"
dppkotcgbabvshsc50912nojo,wejbvnpjfddprayi56851nywm,"Paez Ulises Alejo","2026-03-09 18:39:05"
dspfqnhuyjbqmqox01900qysv,iqsonebbiywvoxzr63562kwcg,"Sola Salinas Esteban Ismael","2026-03-09 18:39:07"
duwxkgfvkwqpexta75533zkhj,tythronuthqkvmdl94637zbol,"Maure Lautaro Manuel","2026-03-09 18:39:03"
dvzvnmuvdrvgwovc34092zkod,adrithlvwtdhgcxm44467psde,"Bertirossi Bianchi Agustin Orlando","2026-03-09 18:39:03"
dxfufziiksjknvdw00969mjvj,clv9y14tc0002s5sdcij3kdes,"Ortubia Juan Cruz","2026-03-09 18:39:05"
eagdbxrklkuzdcoe46278tomf,tpuenmmsfepzkuvs52687qkrz,"Cuevas Ramiro Hernan","2026-03-09 18:39:04"
ebmeyhvskdjwlkar45961ccuu,iqsonebbiywvoxzr63562kwcg,"Aguilera Martin","2026-03-09 18:39:07"
efoqccnwtmisddrs05218gnrx,niujlcyjulnsrfss48567ijaa,"Olivera Paolo Sebastian","2026-03-09 18:39:04"
egnrcegjduvmztrf79763vxfq,uuouhvydksjxykxe23230jxen,"Valdez Fornes Emanuel Antonio","2026-03-09 18:39:05"
egzbesrpxjtjifqa54954dyen,adrithlvwtdhgcxm44467psde,"Marin Derani Galo","2026-03-09 18:39:03"
ehyqghjinvocgyxx43364eywa,rvrkcfvivhratbxd30828eoll,"Fernandez Juan Pablo","2026-03-09 18:39:06"
emcskmbrutwoofdt71210eqll,tziicpsffzkwooln63257wnaj,"Di Fresco Renzo Jesus","2026-03-09 18:39:04"
emqiznqijjvhmtzl09919ghvs,xxvykydpifsapfau72439crkk,"Mitri Manzano Rodrigo","2026-03-09 18:39:05"
enlbohxiqzjybimt68157pymr,evgubysfaryqquxp91003epne,"Navarro Pablo Alejandro","2026-03-09 18:39:04"
ephidngsvvvuaecy93529aoor,xxvykydpifsapfau72439crkk,"Rodriguez Barrera Marcos Alejandro","2026-03-09 18:39:07"
erkhwmlkpjdrxjvx25292ggqt,evgubysfaryqquxp91003epne,"Avenda?O Federici Matias Javier","2026-03-09 18:39:04"
evmbwfpdwmitzycq66558wirz,iqsonebbiywvoxzr63562kwcg,"Morales Mario Javier","2026-03-10 13:45:58"
exmwtixfxaiixzfi70465httk,tziicpsffzkwooln63257wnaj,"Matiazzo Millan Fernan Adriel","2026-03-09 18:39:04"
eyovbnimkzopxxnx11192gsxe,buqhdbuybepnrwfj45861sfmv,"Garcia Matias Nicolas","2026-03-09 18:39:05"
favgaqukaxbtdnos14961cfyo,qcovjxoltlivasyy94560eqge,"Moreno Encina Giuliano","2026-03-09 18:39:04"
fbgxpodjzzgmcunu94229xfvy,qcovjxoltlivasyy94560eqge,"Leon Corroza Facundo Emmanuel","2026-03-09 18:39:04"
fdicrnmwjgskkana95743osoy,buqhdbuybepnrwfj45861sfmv,"Rodriguez Agustin","2026-03-09 18:39:05"
fdiqrplfuljkqayo04112bccx,jlmvlskhdofdgywx21537tyml,"Cataldo Joan Manuel","2026-03-09 18:39:04"
ffyxedtenjtgtbuk92194xprj,xxvykydpifsapfau72439crkk,"Garro Massi Valentino","2026-03-09 18:39:05"
fnugecpkidujmijt01403mtyu,jlmvlskhdofdgywx21537tyml,"Ojeda Julian Ariel","2026-03-09 18:39:04"
fqbtrhklymqtuwdj41057sdum,wejbvnpjfddprayi56851nywm,"Selada Lucas Nehuen","2026-03-09 18:39:05"
fqogmympuywsbxdx05680bjgp,uuouhvydksjxykxe23230jxen,"Palmieri Facundo Alejo","2026-03-09 18:39:06"
fxhitdmsxnjsubfv50634ifju,jlmvlskhdofdgywx21537tyml,"Lopez Molina Facundo Nicolas","2026-03-09 18:39:04"
fylwyxgdxfvnckgb84082ompj,tythronuthqkvmdl94637zbol,"Eztala Ignacio Tomas","2026-03-09 18:39:03"
fynpnmyeilhjuqzf72949chcq,xiixkzqhypqkmtyr19648wlcf,"Pinea Tomas Pablo","2026-03-09 18:39:06"
gctbzruercpusrky56695tnhc,qcovjxoltlivasyy94560eqge,"Escudero Ignacio","2026-03-09 18:39:04"
gcztngodqcfuknxt71740gaox,niujlcyjulnsrfss48567ijaa,"Alvarez Romero Cristian Andres","2026-03-09 18:39:04"
gfejqtissiscyyjp60836hyzx,rvrkcfvivhratbxd30828eoll,"Perez Caceres Ignacio Joaquin","2026-03-09 18:39:05"
gktjoraautunhkki69723jbdh,tziicpsffzkwooln63257wnaj,"Zuñiga Roman Ezequiel","2026-03-09 18:39:04"
gshliuhnlasqvktc50680cuwr,niujlcyjulnsrfss48567ijaa,"Lopez Velez Matias Tomas","2026-03-09 18:39:04"
gtwnnhsiffdjutue59352tcul,tpuenmmsfepzkuvs52687qkrz,"Benegas Franco Samuel","2026-03-09 18:39:04"
hfskgbsocmsewdxi98914mitt,tpuenmmsfepzkuvs52687qkrz,"Lemos Lozano Lucas Nicolas","2026-03-09 18:39:04"
hgmhzdbeplltkplw50565lyra,clv9y14tc0002s5sdcij3kdes,"Alvarez Ordoñez Luciano Thomas","2026-03-09 18:39:05"
hihjlisjklaoskue47066hktc,tpuenmmsfepzkuvs52687qkrz,"Taborda Ricardo Exequiel","2026-03-09 18:39:04"
hixopxknbxuterqk91780rgjr,rvrkcfvivhratbxd30828eoll,"Frugoni Villaplana Gonzalo Agustin","2026-03-09 18:39:05"
hjsrinfaixmsrlyw24434uatf,adrithlvwtdhgcxm44467psde,"Romero Ignacio","2026-03-09 18:39:03"
hlesitqcsyyquhmp85819efds,tythronuthqkvmdl94637zbol,"Cordoba Lucas Noel","2026-03-09 18:39:07"
hlgcxzenrvhmhzbr24622pzgv,rvrkcfvivhratbxd30828eoll,"Gallego Lucas Nicolas","2026-03-09 18:39:05"
hlrliircufvyytlo86565dybc,buqhdbuybepnrwfj45861sfmv,"Mugneco Juan Ignacio","2026-03-09 18:39:05"
hnqpyrzkubbuflyn29385hbax,rvrkcfvivhratbxd30828eoll,"Aciar Juan Cruz","2026-03-09 18:39:05"
hruyyxwnqvruyaup59640ehmx,tpuenmmsfepzkuvs52687qkrz,"Colombo Facundo Ariel","2026-03-09 18:39:04"
hscivrseyygzlsob86667uecz,jlmvlskhdofdgywx21537tyml,"Marino Gonzalez German Ramiro","2026-03-09 18:39:04"
hsunbnpfqzbuqrln05892lnpj,xiixkzqhypqkmtyr19648wlcf,"Nicosia Bautista","2026-03-09 18:39:06"
hsvlroemsqdxtsqu57922cexe,tythronuthqkvmdl94637zbol,"Alfonso Gonzalo Ezequiel","2026-03-09 18:39:03"
huboijayvmhszchy29170lklb,clv9y14tc0002s5sdcij3kdes,"Quevedo Ignacio","2026-03-09 18:39:05"
hurvgctrftuouari94684pcuq,uuouhvydksjxykxe23230jxen,"Martinez Juan Cruz","2026-03-09 18:39:05"
hwnmpldcqixfwmrx10895ahys,wejbvnpjfddprayi56851nywm,"Castro Mastino Emiliano","2026-03-09 18:39:06"
hwwfxbpravzwcabv00912xeiv,tziicpsffzkwooln63257wnaj,"Martin Garay Tomas Nahuel","2026-03-09 18:39:04"
hxnlaxmrunftwywq91798skbs,buqhdbuybepnrwfj45861sfmv,"Muscianisi Santino","2026-03-09 18:39:05"
hxxdgkjkagcbwlsc56746kezz,niujlcyjulnsrfss48567ijaa,"Coseres Naim Maximiliano","2026-03-09 18:39:04"
hzmsarlhlqcumljz05304fbfz,tziicpsffzkwooln63257wnaj,"Rojos Pereyra Paul Joshua","2026-03-09 18:39:06"
iczixiteyphrskdr73949suvc,tziicpsffzkwooln63257wnaj,"Soldati Luciano","2026-03-09 18:39:04"
idjjqqqkdkwhlrnh60060pvoj,adrithlvwtdhgcxm44467psde,"Origaen Gomez Matias Gabriel","2026-03-09 18:39:03"
iegqguzgfkmzsclx80779ikld,iqsonebbiywvoxzr63562kwcg,"Frias Aristiaran Agustin Francisco","2026-03-09 18:39:07"
ihifzirnzuqteugm66098gauo,evgubysfaryqquxp91003epne,"Saccone Ceballos Jorge Emanuel","2026-03-09 18:39:04"
iqlcgttxmxkiipdg88570zoxp,wejbvnpjfddprayi56851nywm,"Canales Portillo Alejo","2026-03-09 18:39:05"
iuvafvbfkawggice64819yqih,qcovjxoltlivasyy94560eqge,"Salinas Ricardo Hernan","2026-03-09 18:39:04"
iuwpohphxbwbdzue36885nprq,qcovjxoltlivasyy94560eqge,"Sosa Reta Alesio Oscar","2026-03-09 18:39:04"
ivgxdowvisdgjsom34383xvxw,evgubysfaryqquxp91003epne,"Zulueta Maximo","2026-03-09 18:39:04"
jbgunircnhxmtaxd80189tfmr,uuouhvydksjxykxe23230jxen,"Nicolás Agustín Dulcimasco Loria","2026-03-09 18:39:05"
jcvihkuejfgjrjgf00633slvw,jlmvlskhdofdgywx21537tyml,"Adid Farid Adrian","2026-03-09 18:39:04"
jglpinrdehuymlio85622aqxj,uuouhvydksjxykxe23230jxen,"Romero Palacio Julian Agustin","2026-03-09 18:39:05"
jjfrkysfcllcxtyr18359fkii,qcovjxoltlivasyy94560eqge,"Codes Alejandro","2026-03-09 18:39:04"
jkjxdilqljkodcxl37626kxvr,xiixkzqhypqkmtyr19648wlcf,"Lillo Gomez Enzo Joaquin","2026-03-09 18:39:06"
jnigwtppniqkhxvy92452kxad,rvrkcfvivhratbxd30828eoll,"Napoli Portillo Matias Javier","2026-03-09 18:39:05"
jsudzfrxbvmqtysr20639ikjc,niujlcyjulnsrfss48567ijaa,"Jofre Nicolas Leonardo","2026-03-09 18:39:04"
jxwdfrcpujximtoe01979juty,rvrkcfvivhratbxd30828eoll,"Piozzini Pereyra Valentin","2026-03-09 18:39:05"
jztswbantpzmfbtn84208lgak,evgubysfaryqquxp91003epne,"Arias Julian Gustavo","2026-03-09 18:39:04"
kdfzkbmqvhlsspgs98141jcqm,xiixkzqhypqkmtyr19648wlcf,"Farmache Nicolas","2026-03-09 18:39:06"
kfygyyygwzbemold48396vorx,xiixkzqhypqkmtyr19648wlcf,"Diaz Nicolas Marcel","2026-03-09 18:39:06"
kgicpjsbqnftqhdo33770dbgs,xxvykydpifsapfau72439crkk,"Di Marco Mauro Hernan","2026-03-09 18:39:05"
khzustqpxoinifwu52788ykhs,tythronuthqkvmdl94637zbol,"Maingard Fernando Agustin","2026-03-09 18:39:03"
kictfeqiufvvxrzw98246guwd,jlmvlskhdofdgywx21537tyml,"Ahumada Enzo Sebastian","2026-03-09 18:39:04"
kknqlmbzcadcotew66292znjx,evgubysfaryqquxp91003epne,"Cornejo Lautaro Leandro","2026-03-09 18:39:08"
kqacshvhxzvvkoqj08399yxzg,tziicpsffzkwooln63257wnaj,"Tejero Rodrigo Agusti­N","2026-03-09 18:39:04"
krkwmxdicmricjqe26619ssrl,niujlcyjulnsrfss48567ijaa,"Morales Arrue Mauro Federico","2026-03-09 18:39:06"
kssgjatjyiywzhmb05202jygx,wejbvnpjfddprayi56851nywm,"Castro Mastino Martin","2026-03-09 18:39:05"
ktsboxmqxjrcwfup12298ejzz,iqsonebbiywvoxzr63562kwcg,"Xavier Matias Nicolas","2026-03-09 18:39:07"
lvqahcwgopotiiuc12148uhog,evgubysfaryqquxp91003epne,"Godoy Ezequiel Emiliano","2026-03-09 18:39:04"
lwayiagfqwvcuxoc01440xcjq,tziicpsffzkwooln63257wnaj,"Busso Juan Ignacio","2026-03-09 18:39:04"
lycwrxgsvohrncbl03128bjqr,uuouhvydksjxykxe23230jxen,"Corvalan Fausto","2026-03-09 18:39:05"
lyitzkajnlnemhxw40001bkre,buqhdbuybepnrwfj45861sfmv,"Guzman Skerk Bruno","2026-03-09 18:39:05"
mbulgykktxlvtwqz51559zzkh,xiixkzqhypqkmtyr19648wlcf,"Lopez Sottano Martin Jose","2026-03-09 18:39:06"
mhrrbdmuqpkdcdrp53938jsjd,xiixkzqhypqkmtyr19648wlcf,"Pavlovsky Nerone Wenceslao Segundo","2026-03-09 18:39:06"
mimbytrkqhdeztqc85004qaki,qcovjxoltlivasyy94560eqge,"Farruggia Martin","2026-03-09 18:39:04"
mlcyurqhfsrvctta49327crtk,xxvykydpifsapfau72439crkk,"Gordillo Polizzi Ignacio Martin","2026-03-09 18:39:05"
mlnbipethstqhaoh74053vuec,uuouhvydksjxykxe23230jxen,"Arenas Señorena Diego Valentin","2026-03-09 18:39:05"
moawbtgidvahblye04654qukn,adrithlvwtdhgcxm44467psde,"Stallocca Curletto Gino","2026-03-09 18:39:03"
modozuykpdhasrrd59700gsil,wejbvnpjfddprayi56851nywm,"Muguruza Juan Tomas","2026-03-09 18:39:05"
mwzhdgbxbaxtpkyv98228yabd,jlmvlskhdofdgywx21537tyml,"Alcaraz Alexis Sebastian","2026-03-09 18:39:04"
nexvcgvflpfuhmys37699fnfz,qcovjxoltlivasyy94560eqge,"Altamirano Vega Tiziano Jonas","2026-03-09 18:39:04"
nlscdvmxheisspko04434zoeo,adrithlvwtdhgcxm44467psde,"Gallegos Jonathan Anibal","2026-03-09 18:39:07"
nnklpbsnvnosbvaj55000tyyv,evgubysfaryqquxp91003epne,"Alvarez Romero Gustavo Andres","2026-03-09 18:39:04"
nogpidimltuazusa02690lcyg,niujlcyjulnsrfss48567ijaa,"Barbero Alan Miguel","2026-03-09 18:39:04"
nqnkbgiftzwatopt57358lexj,jlmvlskhdofdgywx21537tyml,"Pereira Rodrigo Carlos","2026-03-09 18:39:04"
nuacxompwtsznivu30413zcoh,tythronuthqkvmdl94637zbol,"Gaya Tosoni Juan Francisco","2026-03-09 18:39:03"
nvwfufqqtpfmmlwc32048ocpu,niujlcyjulnsrfss48567ijaa,"Roslan Larini Luca Francisco","2026-03-09 18:39:04"
ocwdjsztgcfdgqde77476tltx,niujlcyjulnsrfss48567ijaa,"Castellino Franco Esteban","2026-03-09 18:39:04"
oovbrzqtvmjvgetx41473dumh,tythronuthqkvmdl94637zbol,"Persia Felipe Valentin","2026-03-09 18:39:03"
ovkhrihiwbjsqnsb14643iiuk,tythronuthqkvmdl94637zbol,"Amaya Rivera Elias Gabriel","2026-03-09 18:39:03"
ovpumvhksajmqgok70299mghe,adrithlvwtdhgcxm44467psde,"De Oto Giorgi Santino","2026-03-09 18:39:03"
oweqwnkkgqsabdxl31729icze,wejbvnpjfddprayi56851nywm,"Zarate Alfieri Matias Agustin","2026-03-09 18:39:05"
oxrhlnpkvylmqsbp61622mftk,wejbvnpjfddprayi56851nywm,"Koch Peñas Federico Estanislao","2026-03-09 18:39:05"
pazttjyypjjcvojn67931rnyn,xxvykydpifsapfau72439crkk,"Di Marco Leandro Sebastian","2026-03-09 18:39:05"
pbxutxgnsdlwjbbp13438giyg,buqhdbuybepnrwfj45861sfmv,"Martinez Gregorio","2026-03-09 18:39:05"
pehplawybxsffdue59913tnkn,buqhdbuybepnrwfj45861sfmv,"Elizalde Nazareno Gabriel","2026-03-09 18:39:05"
pgwfchcwjpwrkgue31625qxpg,tziicpsffzkwooln63257wnaj,"Perez Bravo Federico Damian","2026-03-09 18:39:04"
pkcgdkhnhphseppf51716uuft,iqsonebbiywvoxzr63562kwcg,"Pitaro Uncal Patricio Martin","2026-03-09 18:39:07"
pkiuqfedaafpikbs95995egyt,clv9y14tc0002s5sdcij3kdes,"Tejeda Matías Eduardo","2026-03-09 18:39:05"
pmskxxwzrhdbjzpb31162pnjm,clv9y14tc0002s5sdcij3kdes,"Rosales Franco José","2026-03-09 18:39:05"
poqkvtdixvqfkmqz35658mnua,tpuenmmsfepzkuvs52687qkrz,"Cuello Biondini Hernan Sebastian","2026-03-09 18:39:08"
psevfcxksbzcevui49120qmtz,uuouhvydksjxykxe23230jxen,"Piñeyro Molina Pablo Thomas Angel","2026-03-09 18:39:06"
ptebisokzmkbctpe25384fhhp,tpuenmmsfepzkuvs52687qkrz,"Guisasola De Rodt Maximo Benjamin","2026-03-09 18:39:04"
ptsowgsrpotygzjf71685ibkx,xxvykydpifsapfau72439crkk,"Sandez Juan Bautista","2026-03-09 18:39:05"
putsbbtxjfmsjbsp66101hlyl,adrithlvwtdhgcxm44467psde,"Moyano Manfredi Martino","2026-03-09 18:39:03"
pwxutfmucbrqvfpg73912gsth,qcovjxoltlivasyy94560eqge,"Soneira Varas Joaquin","2026-03-09 18:39:04"
pxljghllduhjdbnn03038vvxp,iqsonebbiywvoxzr63562kwcg,"Rodriguez Gonzalo Agustin","2026-03-09 18:39:07"
qcffduskvcsbrmlr94017sqao,niujlcyjulnsrfss48567ijaa,"Malara Parejas Diego Roman","2026-03-09 18:39:04"
qhlqcvsxhqgmbgvd62848ewtj,tpuenmmsfepzkuvs52687qkrz,"Sanchez Juan Ignacio","2026-03-09 18:39:04"
qhotgnulbwjqcluq48724hmzr,tythronuthqkvmdl94637zbol,"Bonada Enzo","2026-03-09 18:39:03"
qpbahydnbdfpqjfd71598kgpr,xxvykydpifsapfau72439crkk,"Gordillo Pedro Pablo","2026-03-09 18:39:05"
qqpfagtxivawsyez53999saby,clv9y14tc0002s5sdcij3kdes,"Ghazhoul Herrera Mohamed Emir","2026-03-09 18:39:05"
rdgejrocfbxpofrz39141zdjp,adrithlvwtdhgcxm44467psde,"Rigoni Martinez Alvaro Juan","2026-03-09 18:39:07"
rdwwqlgseoknhlkz00858jbnx,xiixkzqhypqkmtyr19648wlcf,"Torres Ferrer Facundo Lucas","2026-03-09 18:39:06"
rkhdixqsmiilhijf91802xiwt,clv9y14tc0002s5sdcij3kdes,"Curello Gonzalo Agustin","2026-03-09 18:39:05"
rpwwnxcytpoxgofj76397dxca,iqsonebbiywvoxzr63562kwcg,"Olivares Matias Santiago","2026-03-09 18:39:07"
rzvmfmdnxnwwhayt12619wiqc,wejbvnpjfddprayi56851nywm,"Zaruba Fernandez Alejo","2026-03-09 18:39:06"
sflcuyksdqkbniwv02748aytd,wejbvnpjfddprayi56851nywm,"Almanza Massat Luca Ramiro","2026-03-09 18:39:05"
sjypimxutaqlztxn53591hqoa,tziicpsffzkwooln63257wnaj,"Gomez Yudica Facundo Agustin","2026-03-09 18:39:04"
slhvjgrshrxpwcen51667ubry,wejbvnpjfddprayi56851nywm,"De La Vega Gonzalez Bruno","2026-03-09 18:39:05"
sorlzykzhzectdzx69833clav,xiixkzqhypqkmtyr19648wlcf,"Ahumada Franco Alejo","2026-03-09 18:39:06"
splcvkvmugscvfqz79570iztf,buqhdbuybepnrwfj45861sfmv,"Corral Juan Cruz","2026-03-09 18:39:05"
sqwqhvxspzepiwvg64420nqfy,clv9y14tc0002s5sdcij3kdes,"Godoy Gabriel Esteban","2026-03-09 18:39:05"
sulrruxcfowdpcsp45899tohv,iqsonebbiywvoxzr63562kwcg,"Corvalan Mauro Damian","2026-03-09 18:39:07"
svbpsmayllbmhqkr18644jgkd,tziicpsffzkwooln63257wnaj,"Rodriguez Capobianco Lucas Emiliano","2026-03-09 18:39:04"
svhujahpfhkxsprq80413mquv,xxvykydpifsapfau72439crkk,"Paladino Agustin Gabriel","2026-03-09 18:39:05"
swshcucycymxqqny48257thbc,evgubysfaryqquxp91003epne,"Romero Caceres Facundo Ezequiel","2026-03-09 18:39:04"
syxiwrkdszarydtk88728aqus,xiixkzqhypqkmtyr19648wlcf,"Herrero Tomas Ezequiel","2026-03-09 18:39:06"
szueddrlzbbetklp29826tdha,xxvykydpifsapfau72439crkk,"Riveros Damian Emanuel","2026-03-09 18:39:05"
tapxwjiipikjlmda31396dsum,xiixkzqhypqkmtyr19648wlcf,"Zarate Alfieri Bruno Nahuel","2026-03-09 18:39:06"
tdazqajxicdpfkyg78210fpto,evgubysfaryqquxp91003epne,"Torres Roberto Javier","2026-03-09 18:39:04"
tgmvdedunfjnydbk49293hknr,buqhdbuybepnrwfj45861sfmv,"Gonzalez Ventura Emiliano Agustin","2026-03-09 18:39:05"
tmzgwzyexutlvfxj29453hczz,uuouhvydksjxykxe23230jxen,"Sanchez Perez Franco Javier Ignacio","2026-03-09 18:39:05"
tncsmpthhzzvfsrh93386zvfc,rvrkcfvivhratbxd30828eoll,"Cortez Ariel Fernando","2026-03-09 18:39:05"
tnvsgjykstidsbxy21258vzdz,clv9y14tc0002s5sdcij3kdes,"Viudez Agã¼Ero Santiago Baltasar","2026-03-09 18:39:07"
tqqqiygwugmljwvl61514lkkr,tziicpsffzkwooln63257wnaj,"Roldan Juan Cruz","2026-03-09 18:39:04"
tsmnsudutcqtripi02767hfgn,adrithlvwtdhgcxm44467psde,"Merin Chiarparin Lautaro","2026-03-09 18:39:03"
tstgvfcrdpwbbdfu09878iiuh,rvrkcfvivhratbxd30828eoll,"Arredondo Lautaro","2026-03-09 18:39:06"
tuydqovxkfumgung53668rssy,tziicpsffzkwooln63257wnaj,"Fernandez Gaston Nahuel","2026-03-09 18:39:04"
txbhgunsnqetbzml00232eigv,evgubysfaryqquxp91003epne,"Godoy Martin Juan Manuel","2026-03-09 18:39:04"
tyenjutcffaxkfwt95392audp,buqhdbuybepnrwfj45861sfmv,"Orozco Mauricio Jose","2026-03-09 18:39:05"
ubyjkpzfhzwfkyvb84363nrmd,niujlcyjulnsrfss48567ijaa,"Miranda Franco Maximiliano","2026-03-09 18:39:04"
ubywwxieqqnpqvzb38288cadl,tpuenmmsfepzkuvs52687qkrz,"Lucero Moron Ignacio Nahuel","2026-03-09 18:39:04"
uctqsxtxtpozuyre51784adrg,adrithlvwtdhgcxm44467psde,"Corti Trujillo Gaston","2026-03-09 18:39:03"
udnworcgyubqgwpk74558jelq,jlmvlskhdofdgywx21537tyml,"Soloa Marcos","2026-03-09 18:39:04"
uknugtsfpiooydwb38764lbdg,clv9y14tc0002s5sdcij3kdes,"Di Paola Felipe","2026-03-09 18:39:05"
ulxldsijichhvuwo20561jzgv,iqsonebbiywvoxzr63562kwcg,"Barbizzotti Mauro","2026-03-09 18:39:07"
upkaggieqasgfygg54804hsrf,iqsonebbiywvoxzr63562kwcg,"Ortiz Emmanuel Carlos","2026-03-09 18:39:07"
uujthwcnjmzuqzli91597ahzh,qcovjxoltlivasyy94560eqge,"Mancuso Mateo Alejandro","2026-03-09 18:39:04"
uwflvnzmrlyxnrhu69570zbzf,tythronuthqkvmdl94637zbol,"Tagua Azar Diego Andres","2026-03-09 18:39:03"
uwzuhixliyfcyivo31884yupu,wejbvnpjfddprayi56851nywm,"Ontiveros Bazan Emiliano Manuel","2026-03-09 18:39:05"
vagnbtcrgepflefe19000moob,qcovjxoltlivasyy94560eqge,"Mazzocato Carrion Bautista Gino","2026-03-09 18:39:04"
vawxdpedrngiylff01427wsoj,tythronuthqkvmdl94637zbol,"Solanes Ayala Eduardo Nahuel Enrique","2026-03-09 18:39:03"
vhmddpyzaoxjhdez50566iljx,tpuenmmsfepzkuvs52687qkrz,"Marquez Moyano Lautaro Daniel","2026-03-09 18:39:04"
vjunfyeszttpbxfm68960bzlk,tpuenmmsfepzkuvs52687qkrz,"Sulia Lautaro","2026-03-09 18:39:08"
vjxsgmvoqsofovdh70322vdat,wejbvnpjfddprayi56851nywm,"Barrera Alvarez Augusto Nicolas","2026-03-09 18:39:05"
vsfmwuzeschiheho54567lqnr,tythronuthqkvmdl94637zbol,"Samso Catania Juan Pablo","2026-03-09 18:39:03"
vypmnqxwfcgzwlgv34527tzwd,evgubysfaryqquxp91003epne,"Javier Abel Mu?Os","2026-03-09 18:39:04"
wgwsibbherrdwvgj39572rgwa,uuouhvydksjxykxe23230jxen,"Reyes Marcos Andres","2026-03-09 18:39:05"
whaampvzqdxfzthq14752omye,xxvykydpifsapfau72439crkk,"Gaitan Lautaro Agustin","2026-03-09 18:39:07"
wnmzbhscvuxnxivr27190poaw,wejbvnpjfddprayi56851nywm,"Magariños Lucas Ezequiel","2026-03-09 18:39:05"
wphfyqixvcvmysfq50759agfx,clv9y14tc0002s5sdcij3kdes,"Bustos Lautaro","2026-03-09 18:39:05"
wqpfucwqpaulmvma75971stgc,xiixkzqhypqkmtyr19648wlcf,"Bernardelli Matias Sebastian","2026-03-10 13:45:58"
wvyaczxmewsvnfzm81522grvt,iqsonebbiywvoxzr63562kwcg,"Alfaro Ramiro Samuel","2026-03-09 18:39:07"
wwowzcmqnciggcly27197yjch,qcovjxoltlivasyy94560eqge,"Solar Thiago","2026-03-09 18:39:08"
wzhvzsnarnlncjfk10900puot,xxvykydpifsapfau72439crkk,"Borgna Genaro","2026-03-09 18:39:05"
xcjmxxeztcivdmtr28710ywjt,rvrkcfvivhratbxd30828eoll,"Giachini Caseres Martin Eduardo","2026-03-09 18:39:05"
xfmvnkwgbykcfgdb80036fiqs,niujlcyjulnsrfss48567ijaa,"Lopez Velez Ignacio David","2026-03-09 18:39:04"
xgcrqjtrvxncupxq26512lyyz,qcovjxoltlivasyy94560eqge,"Flores Tarauni Erwin Ruben","2026-03-09 18:39:08"
xgrordrieunxqxcp51714pzwc,clv9y14tc0002s5sdcij3kdes,"Rosales Del Valle Sebastian Alejo","2026-03-09 18:39:07"
xkfhkxlbpjueophd19974ubom,evgubysfaryqquxp91003epne,"Romero Fernandez Diego Daniel","2026-03-09 18:39:04"
xnjineysxcotphte51450ebxu,tpuenmmsfepzkuvs52687qkrz,"Salinas Rodriguez Renzo Nicolas","2026-03-09 18:39:04"
xpbxxqrffxoroevi36659enep,uuouhvydksjxykxe23230jxen,"Colombo Castells Mateo","2026-03-09 18:39:05"
xrclckceqmtbjwwu95489uunw,jlmvlskhdofdgywx21537tyml,"Gelvez Parlanti Dante Benjamin","2026-03-09 18:39:07"
xrsavhjlppkplxnj05263cqjx,rvrkcfvivhratbxd30828eoll,"Vallaradez Redondo Teo Santiago","2026-03-09 18:39:05"
xuczrojwhkgvhdub00034zuct,jlmvlskhdofdgywx21537tyml,"Ramos Gonzalo Matias","2026-03-09 18:39:04"
xwsfwupjnvtzkknq80385iqak,uuouhvydksjxykxe23230jxen,"Rivas Ponce Valentin Manuel","2026-03-09 18:39:05"
xzebiopakxjtptwg99499bnlr,buqhdbuybepnrwfj45861sfmv,"March Juan Cruz","2026-03-09 18:39:05"
yheiidbikorkcabs75336ljct,iqsonebbiywvoxzr63562kwcg,"Cebollada Juan Manuel","2026-03-09 18:39:07"
yjgkfoxdqbhnnywo16120biac,rvrkcfvivhratbxd30828eoll,"Ramirez Sosa Rodrigo Martin","2026-03-09 18:39:05"
ylwkxwfmiaphllzl84691xqhj,tziicpsffzkwooln63257wnaj,"Tejada Lara Facundo Esteban","2026-03-09 18:39:04"
ypwuecrpcjdmajxw70558vyqq,tziicpsffzkwooln63257wnaj,"Martinez Lopez Santiago","2026-03-09 18:39:04"
yrwocjoiwmsokrqt61393swox,tythronuthqkvmdl94637zbol,"Gomez Montero Juan Manuel","2026-03-09 18:39:03"
ytbbjbcppjribytj68806wufs,iqsonebbiywvoxzr63562kwcg,"Garcia Santiago Alejandro","2026-03-10 13:45:58"
yuplpfskkxmrzdkv63888kboh,tythronuthqkvmdl94637zbol,"Dinatale Scalzo Lucas Martin","2026-03-09 18:39:03"
yvplyyjfnltprcxu33965yfvl,adrithlvwtdhgcxm44467psde,"Del Olmo Santiago","2026-03-09 18:39:03"
yvycdoqcshjvpmir28657oxxx,qcovjxoltlivasyy94560eqge,"Lorenzo Zapata Nicolas","2026-03-09 18:39:08"
ywqbgziqyinxrabi30298dwsq,rvrkcfvivhratbxd30828eoll,"Ledesma Lautaro German","2026-03-09 18:39:05"
yzdcyffhmkuxnhag04642qmlg,niujlcyjulnsrfss48567ijaa,"Marcellini Valdivieso Ignacio Daniel","2026-03-09 18:39:04"
yzpzoxutljxrhlqy72663iydo,clv9y14tc0002s5sdcij3kdes,"Mazzocca Cadelago Román","2026-03-09 18:39:05"
zeuvbazqtfnbtwgs35506ofdi,tpuenmmsfepzkuvs52687qkrz,"Toledo Enzo Ariel","2026-03-09 18:39:04"
zlqohpcixwmxvhfr27363jnjm,tpuenmmsfepzkuvs52687qkrz,"Coria Enzo Fernando","2026-03-09 18:39:04"
zlumgsztebqkzpzq36050ynrf,clv9y14tc0002s5sdcij3kdes,"Gonzalez Gutierrez Juan Santiago","2026-03-09 18:39:05"
zxwulrehbzubxlpe35948ozks,buqhdbuybepnrwfj45861sfmv,"Manchado Franco","2026-03-09 18:39:05"
zzyidmlygohvnyzg48033ujue,xiixkzqhypqkmtyr19648wlcf,"Comandini Gianluca","2026-03-09 18:39:06"
