id,equipo_id,nombre,tipo_persona,rol_ct
bjgusosnvsbdfynn10395xnws,xxvykydpifsapfau72439crkk,Gonzalez Manuel Eduardo,JUGADOR,
zwqndfmuwwqmoxrc49755viym,qcovjxoltlivasyy94560eqge,Tognon Sanz Andres Fabian,JUGADOR,
cmmovbvuc0i9up4vs8s28910b,xxvykydpifsapfau72439crkk,Rebeco Llanos Jeremias Nahuel,CT,EA
cme97in9o009mp46afjvwzd9w,tziicpsffzkwooln63257wnaj,Vaquer Alberto,CT,DT
lvcnywyoanhitodi02882duda,niujlcyjulnsrfss48567ijaa,Masters Nicolas,JUGADOR,
wmefaoasoyzrphhp38853jttf,niujlcyjulnsrfss48567ijaa,Lucero Semino Lucas Agustin,JUGADOR,
pxqyvhnwowposdzn76885huzj,adrithlvwtdhgcxm44467psde,Moreno Joaquin,JUGADOR,
cmffkh2zj00iep4lrucu56piq,tythronuthqkvmdl94637zbol,Ramirez Garcia Facundo Agustin,JUGADOR,
hjsrinfaixmsrlyw24434uatf,adrithlvwtdhgcxm44467psde,Romero Ignacio,JUGADOR,
cme97inab00aap46ablfe5uu4,adrithlvwtdhgcxm44467psde,Colla Javier,CT,PF
jztswbantpzmfbtn84208lgak,evgubysfaryqquxp91003epne,Arias Julian Gustavo,JUGADOR,
enlbohxiqzjybimt68157pymr,evgubysfaryqquxp91003epne,Navarro Pablo Alejandro,JUGADOR,
ihifzirnzuqteugm66098gauo,evgubysfaryqquxp91003epne,Saccone Ceballos Jorge Emanuel,JUGADOR,
tdazqajxicdpfkyg78210fpto,evgubysfaryqquxp91003epne,Torres Roberto Javier,JUGADOR,
vypmnqxwfcgzwlgv34527tzwd,evgubysfaryqquxp91003epne,Javier Abel Mu?Os,JUGADOR,
qhlqcvsxhqgmbgvd62848ewtj,tpuenmmsfepzkuvs52687qkrz,Sanchez Juan Ignacio,JUGADOR,
gtwnnhsiffdjutue59352tcul,tpuenmmsfepzkuvs52687qkrz,Benegas Franco Samuel,JUGADOR,
cmm23uf1t00bjp4ksv8iupalr,tpuenmmsfepzkuvs52687qkrz,Fernandez Sagasti Juan Manuel,JUGADOR,
cmfqshtny00m2p4w6j6gpimmo,evgubysfaryqquxp91003epne,Ahumada Alan,CT,AC
cmm517gqy005cp4blrn7miava,evgubysfaryqquxp91003epne,Petruk Testa Pablo Esteban,CT,PF
cmffo1wsd000jp41fbb63uhhi,tpuenmmsfepzkuvs52687qkrz,Sacchi Enzo,CT,AC
udnworcgyubqgwpk74558jelq,jlmvlskhdofdgywx21537tyml,Soloa Marcos,JUGADOR,
cfijmpzhyxbbimtm08525eltk,jlmvlskhdofdgywx21537tyml,Aguilera Gatica Federico Nicolas,JUGADOR,
efoqccnwtmisddrs05218gnrx,niujlcyjulnsrfss48567ijaa,Olivera Paolo Sebastian,JUGADOR,
gcztngodqcfuknxt71740gaox,niujlcyjulnsrfss48567ijaa,Alvarez Romero Cristian Andres,JUGADOR,
wnmzbhscvuxnxivr27190poaw,wejbvnpjfddprayi56851nywm,Magariños Lucas Ezequiel,JUGADOR,
modozuykpdhasrrd59700gsil,wejbvnpjfddprayi56851nywm,Muguruza Juan Tomas,JUGADOR,
zlumgsztebqkzpzq36050ynrf,clv9y14tc0002s5sdcij3kdes,Gonzalez Gutierrez Juan Santiago,JUGADOR,
qqpfagtxivawsyez53999saby,clv9y14tc0002s5sdcij3kdes,Ghazhoul Herrera Mohamed Emir,JUGADOR,
cme97in9y009wp46ap2946jvg,wejbvnpjfddprayi56851nywm,Palumbo Emmanuel,CT,DT
cmedf1v4c000tp4fti8na5zjz,wejbvnpjfddprayi56851nywm,López Matías Ezequiel,CT,AC
mimbytrkqhdeztqc85004qaki,qcovjxoltlivasyy94560eqge,Farruggia Martin,JUGADOR,
iuwpohphxbwbdzue36885nprq,qcovjxoltlivasyy94560eqge,Sosa Reta Alesio Oscar,JUGADOR,
tqqqiygwugmljwvl61514lkkr,tziicpsffzkwooln63257wnaj,Roldan Juan Cruz,JUGADOR,
cmm233fso0052p4ks6ks4kgf7,rvrkcfvivhratbxd30828eoll,Aballay Germán,JUGADOR,
adqngylzysggqsuk17762eojk,xxvykydpifsapfau72439crkk,Lopez Prato Faustino,JUGADOR,
qpbahydnbdfpqjfd71598kgpr,xxvykydpifsapfau72439crkk,Gordillo Pedro Pablo,JUGADOR,
jglpinrdehuymlio85622aqxj,uuouhvydksjxykxe23230jxen,Romero Palacio Julian Agustin,JUGADOR,
splcvkvmugscvfqz79570iztf,buqhdbuybepnrwfj45861sfmv,Corral Juan Cruz,JUGADOR,
fdicrnmwjgskkana95743osoy,buqhdbuybepnrwfj45861sfmv,Rodriguez Agustin,JUGADOR,
evmbwfpdwmitzycq66558wirz,iqsonebbiywvoxzr63562kwcg,Morales Mario Javier,JUGADOR,
cricfsiueuecejig72397egrb,iqsonebbiywvoxzr63562kwcg,Paez Yañez Alfaro Juan Pablo Ezequiel,JUGADOR,
afntgrpdtrwpvcok95534picb,iqsonebbiywvoxzr63562kwcg,Gomez Axel Gabriel Darã­O,JUGADOR,
ytbbjbcppjribytj68806wufs,iqsonebbiywvoxzr63562kwcg,Garcia Santiago Alejandro,JUGADOR,
wqpfucwqpaulmvma75971stgc,xiixkzqhypqkmtyr19648wlcf,Bernardelli Matias Sebastian,JUGADOR,
mlafnhabvqxadjte22565eefw,iqsonebbiywvoxzr63562kwcg,Yamur Jorge Mauricio,CT,AC
cmemzruip000up4avnfz8hyzp,xiixkzqhypqkmtyr19648wlcf,Ontiveros Fazio Federico Nicolas,CT,PF
sorlzykzhzectdzx69833clav,xiixkzqhypqkmtyr19648wlcf,Ahumada Franco Alejo,JUGADOR,
jkjxdilqljkodcxl37626kxvr,xiixkzqhypqkmtyr19648wlcf,Lillo Gomez Enzo Joaquin,JUGADOR,
zzyidmlygohvnyzg48033ujue,xiixkzqhypqkmtyr19648wlcf,Comandini Gianluca,JUGADOR,
kfygyyygwzbemold48396vorx,xiixkzqhypqkmtyr19648wlcf,Diaz Nicolas Marcel,JUGADOR,
syxiwrkdszarydtk88728aqus,xiixkzqhypqkmtyr19648wlcf,Herrero Tomas Ezequiel,JUGADOR,
mbulgykktxlvtwqz51559zzkh,xiixkzqhypqkmtyr19648wlcf,Lopez Sottano Martin Jose,JUGADOR,
aedambtwgtwnbbvp08925yqzz,xiixkzqhypqkmtyr19648wlcf,Montalto Carasusan Gonzalo Martin,JUGADOR,
mhrrbdmuqpkdcdrp53938jsjd,xiixkzqhypqkmtyr19648wlcf,Pavlovsky Nerone Wenceslao Segundo,JUGADOR,
rdwwqlgseoknhlkz00858jbnx,xiixkzqhypqkmtyr19648wlcf,Torres Ferrer Facundo Lucas,JUGADOR,
tapxwjiipikjlmda31396dsum,xiixkzqhypqkmtyr19648wlcf,Zarate Alfieri Bruno Nahuel,JUGADOR,
kdfzkbmqvhlsspgs98141jcqm,xiixkzqhypqkmtyr19648wlcf,Farmache Nicolas,JUGADOR,
hsunbnpfqzbuqrln05892lnpj,xiixkzqhypqkmtyr19648wlcf,Nicosia Bautista,JUGADOR,
fynpnmyeilhjuqzf72949chcq,xiixkzqhypqkmtyr19648wlcf,Pinea Tomas Pablo,JUGADOR,
xpbxxqrffxoroevi36659enep,uuouhvydksjxykxe23230jxen,Colombo Castells Mateo,JUGADOR,
lycwrxgsvohrncbl03128bjqr,uuouhvydksjxykxe23230jxen,Corvalan Fausto,JUGADOR,
hurvgctrftuouari94684pcuq,uuouhvydksjxykxe23230jxen,Martinez Juan Cruz,JUGADOR,
cushioduaggyckgh40129birh,uuouhvydksjxykxe23230jxen,Polo Matias Alejandro,JUGADOR,
wgwsibbherrdwvgj39572rgwa,uuouhvydksjxykxe23230jxen,Reyes Marcos Andres,JUGADOR,
xwsfwupjnvtzkknq80385iqak,uuouhvydksjxykxe23230jxen,Rivas Ponce Valentin Manuel,JUGADOR,
tmzgwzyexutlvfxj29453hczz,uuouhvydksjxykxe23230jxen,Sanchez Perez Franco Javier Ignacio,JUGADOR,
cmlgz1mxe000bp4igoqwnvhc9,uuouhvydksjxykxe23230jxen,Giuliani Facundo,JUGADOR,
cmls2avj600knp4cuf01vdind,uuouhvydksjxykxe23230jxen,Mondini Jerónimo Maximiliano,JUGADOR,
cmluxd9r7001lp4yibf5pof22,uuouhvydksjxykxe23230jxen,Bottoni Tomas Lucas,JUGADOR,
egnrcegjduvmztrf79763vxfq,uuouhvydksjxykxe23230jxen,Valdez Fornes Emanuel Antonio,JUGADOR,
psevfcxksbzcevui49120qmtz,uuouhvydksjxykxe23230jxen,Piñeyro Molina Pablo Thomas Angel,JUGADOR,
jbgunircnhxmtaxd80189tfmr,uuouhvydksjxykxe23230jxen,Nicolás Agustín Dulcimasco Loria,JUGADOR,
fqogmympuywsbxdx05680bjgp,uuouhvydksjxykxe23230jxen,Palmieri Facundo Alejo,JUGADOR,
mlnbipethstqhaoh74053vuec,uuouhvydksjxykxe23230jxen,Arenas Señorena Diego Valentin,JUGADOR,
cmedf1v4g000xp4ftyene60ql,xiixkzqhypqkmtyr19648wlcf,Gavazza Dario,CT,AC
cme97in9u009sp46asmsf0dzi,xiixkzqhypqkmtyr19648wlcf,Rossi Nicolas,CT,DT
cmedf1v43000lp4fthy6rtab0,uuouhvydksjxykxe23230jxen,Toujas Adolfo,CT,PF
oakpqkammdnzabtg35545onit,uuouhvydksjxykxe23230jxen,Manson Mauro Andres,CT,DT
veycenjmotcugbhw50640zbvt,uuouhvydksjxykxe23230jxen,Pelayes Gonzalo Daniel,CT,AC
cmm51vv5g00aip4bl1vxgu5l7,uuouhvydksjxykxe23230jxen,Ferro Maximiliano,CT,EA
cmffk59uh00hdp4lr1ns858y4,uuouhvydksjxykxe23230jxen,Di Rocco Marcelo,CT,DE
almdhlmfugeztdaf03865ceak,niujlcyjulnsrfss48567ijaa,Abrego Gonzalo Martin,JUGADOR,
jsudzfrxbvmqtysr20639ikjc,niujlcyjulnsrfss48567ijaa,Jofre Nicolas Leonardo,JUGADOR,
gshliuhnlasqvktc50680cuwr,niujlcyjulnsrfss48567ijaa,Lopez Velez Matias Tomas,JUGADOR,
ubyjkpzfhzwfkyvb84363nrmd,niujlcyjulnsrfss48567ijaa,Miranda Franco Maximiliano,JUGADOR,
nvwfufqqtpfmmlwc32048ocpu,niujlcyjulnsrfss48567ijaa,Roslan Larini Luca Francisco,JUGADOR,
cmfwxjn2g00cup4ze6nbs0qf7,niujlcyjulnsrfss48567ijaa,Vega Pacheco Álvaro,JUGADOR,
krkwmxdicmricjqe26619ssrl,niujlcyjulnsrfss48567ijaa,Morales Arrue Mauro Federico,JUGADOR,
ocwdjsztgcfdgqde77476tltx,niujlcyjulnsrfss48567ijaa,Castellino Franco Esteban,JUGADOR,
brmvwyjntpensnxj76646pqbw,niujlcyjulnsrfss48567ijaa,Andrade Luca Fabrizio,JUGADOR,
bnwqhmccvnuiqouf28535nksl,niujlcyjulnsrfss48567ijaa,Chavez Visaguirre Rodrigo Agustin,JUGADOR,
xfmvnkwgbykcfgdb80036fiqs,niujlcyjulnsrfss48567ijaa,Lopez Velez Ignacio David,JUGADOR,
qcffduskvcsbrmlr94017sqao,niujlcyjulnsrfss48567ijaa,Malara Parejas Diego Roman,JUGADOR,
yzdcyffhmkuxnhag04642qmlg,niujlcyjulnsrfss48567ijaa,Marcellini Valdivieso Ignacio Daniel,JUGADOR,
hxxdgkjkagcbwlsc56746kezz,niujlcyjulnsrfss48567ijaa,Coseres Naim Maximiliano,JUGADOR,
nogpidimltuazusa02690lcyg,niujlcyjulnsrfss48567ijaa,Barbero Alan Miguel,JUGADOR,
sflcuyksdqkbniwv02748aytd,wejbvnpjfddprayi56851nywm,Almanza Massat Luca Ramiro,JUGADOR,
vjxsgmvoqsofovdh70322vdat,wejbvnpjfddprayi56851nywm,Barrera Alvarez Augusto Nicolas,JUGADOR,
hwnmpldcqixfwmrx10895ahys,wejbvnpjfddprayi56851nywm,Castro Mastino Emiliano,JUGADOR,
kssgjatjyiywzhmb05202jygx,wejbvnpjfddprayi56851nywm,Castro Mastino Martin,JUGADOR,
oxrhlnpkvylmqsbp61622mftk,wejbvnpjfddprayi56851nywm,Koch Peñas Federico Estanislao,JUGADOR,
uwzuhixliyfcyivo31884yupu,wejbvnpjfddprayi56851nywm,Ontiveros Bazan Emiliano Manuel,JUGADOR,
bgnsshgovokfxatt28054vvfh,wejbvnpjfddprayi56851nywm,Valenzuela Santino Ramon,JUGADOR,
iqlcgttxmxkiipdg88570zoxp,wejbvnpjfddprayi56851nywm,Canales Portillo Alejo,JUGADOR,
slhvjgrshrxpwcen51667ubry,wejbvnpjfddprayi56851nywm,De La Vega Gonzalez Bruno,JUGADOR,
dppkotcgbabvshsc50912nojo,wejbvnpjfddprayi56851nywm,Paez Ulises Alejo,JUGADOR,
fqbtrhklymqtuwdj41057sdum,wejbvnpjfddprayi56851nywm,Selada Lucas Nehuen,JUGADOR,
oweqwnkkgqsabdxl31729icze,wejbvnpjfddprayi56851nywm,Zarate Alfieri Matias Agustin,JUGADOR,
rzvmfmdnxnwwhayt12619wiqc,wejbvnpjfddprayi56851nywm,Zaruba Fernandez Alejo,JUGADOR,
cmls23hbt00j7p4cuaty1n086,wejbvnpjfddprayi56851nywm,Dominguez Federico Arian,JUGADOR,
bcuyejmiherqceij57787hpsd,wejbvnpjfddprayi56851nywm,Vera Facundo,JUGADOR,
cmghz8yte000zp4nd1vp7qdbd,niujlcyjulnsrfss48567ijaa,Lucero Omar Walter,CT,DT
cmedf1v4j000zp4ftj9qusqee,niujlcyjulnsrfss48567ijaa,Rodriguez Matias Federico,CT,PF
cmm3idbfn009tp49x8sxm670b,niujlcyjulnsrfss48567ijaa,Morabito Mariano Marcelo,CT,DT
wzhvzsnarnlncjfk10900puot,xxvykydpifsapfau72439crkk,Borgna Genaro,JUGADOR,
aafcdleupqdrfpqr93443ayiy,xxvykydpifsapfau72439crkk,Brasilli Lucas Martin,JUGADOR,
cmfmpla5d00flp4sauhczgh9j,xxvykydpifsapfau72439crkk,Cuel Temporin Agustin Matias,JUGADOR,
kgicpjsbqnftqhdo33770dbgs,xxvykydpifsapfau72439crkk,Di Marco Mauro Hernan,JUGADOR,
whaampvzqdxfzthq14752omye,xxvykydpifsapfau72439crkk,Gaitan Lautaro Agustin,JUGADOR,
ffyxedtenjtgtbuk92194xprj,xxvykydpifsapfau72439crkk,Garro Massi Valentino,JUGADOR,
pazttjyypjjcvojn67931rnyn,xxvykydpifsapfau72439crkk,Di Marco Leandro Sebastian,JUGADOR,
emqiznqijjvhmtzl09919ghvs,xxvykydpifsapfau72439crkk,Mitri Manzano Rodrigo,JUGADOR,
svhujahpfhkxsprq80413mquv,xxvykydpifsapfau72439crkk,Paladino Agustin Gabriel,JUGADOR,
amegxdgrdhocslus21603odsn,xxvykydpifsapfau72439crkk,Pellegrina Rodriguez Lautaro Marino,JUGADOR,
szueddrlzbbetklp29826tdha,xxvykydpifsapfau72439crkk,Riveros Damian Emanuel,JUGADOR,
dbloiblqvfgeqpws31645jjrx,xxvykydpifsapfau72439crkk,Rojo Tomas Pablo,JUGADOR,
mlcyurqhfsrvctta49327crtk,xxvykydpifsapfau72439crkk,Gordillo Polizzi Ignacio Martin,JUGADOR,
ptsowgsrpotygzjf71685ibkx,xxvykydpifsapfau72439crkk,Sandez Juan Bautista,JUGADOR,
ephidngsvvvuaecy93529aoor,xxvykydpifsapfau72439crkk,Rodriguez Barrera Marcos Alejandro,JUGADOR,
hsvlroemsqdxtsqu57922cexe,tythronuthqkvmdl94637zbol,Alfonso Gonzalo Ezequiel,JUGADOR,
qhotgnulbwjqcluq48724hmzr,tythronuthqkvmdl94637zbol,Bonada Enzo,JUGADOR,
yuplpfskkxmrzdkv63888kboh,tythronuthqkvmdl94637zbol,Dinatale Scalzo Lucas Martin,JUGADOR,
fylwyxgdxfvnckgb84082ompj,tythronuthqkvmdl94637zbol,Eztala Ignacio Tomas,JUGADOR,
yrwocjoiwmsokrqt61393swox,tythronuthqkvmdl94637zbol,Gomez Montero Juan Manuel,JUGADOR,
nuacxompwtsznivu30413zcoh,tythronuthqkvmdl94637zbol,Gaya Tosoni Juan Francisco,JUGADOR,
khzustqpxoinifwu52788ykhs,tythronuthqkvmdl94637zbol,Maingard Fernando Agustin,JUGADOR,
duwxkgfvkwqpexta75533zkhj,tythronuthqkvmdl94637zbol,Maure Lautaro Manuel,JUGADOR,
oovbrzqtvmjvgetx41473dumh,tythronuthqkvmdl94637zbol,Persia Felipe Valentin,JUGADOR,
vsfmwuzeschiheho54567lqnr,tythronuthqkvmdl94637zbol,Samso Catania Juan Pablo,JUGADOR,
uwflvnzmrlyxnrhu69570zbzf,tythronuthqkvmdl94637zbol,Tagua Azar Diego Andres,JUGADOR,
ovkhrihiwbjsqnsb14643iiuk,tythronuthqkvmdl94637zbol,Amaya Rivera Elias Gabriel,JUGADOR,
vawxdpedrngiylff01427wsoj,tythronuthqkvmdl94637zbol,Solanes Ayala Eduardo Nahuel Enrique,JUGADOR,
cmm23e7o3007jp4ksv9nv26no,tythronuthqkvmdl94637zbol,Minzer Levatino Emiliano Hernan,JUGADOR,
hlesitqcsyyquhmp85819efds,tythronuthqkvmdl94637zbol,Cordoba Lucas Noel,JUGADOR,
cme97ina700a6p46afvzso54y,xxvykydpifsapfau72439crkk,Gallardo Gustavo Hernan,CT,DT
cme97ina100a0p46a1vs5ky85,xxvykydpifsapfau72439crkk,Villanueva Ignacio Ariel,CT,PF
cmepoxmws005np4qp2v7vpic1,xxvykydpifsapfau72439crkk,Ongay Joaquin,CT,AC
qjeiu8q2i5znezbdjjcnup2p,tythronuthqkvmdl94637zbol,Agri Adrián,CT,PF
uy2kt29nlh39lt2yz2k0ogta,tythronuthqkvmdl94637zbol,Burgos Diego,CT,DT
cvcxmfmvrwrcysjt24451treu,buqhdbuybepnrwfj45861sfmv,Belbruno Enzo,JUGADOR,
cxhzrcrhdcdvxihf24592yqcd,buqhdbuybepnrwfj45861sfmv,Spinelli Mauro Emmanuel,JUGADOR,
aqzvymwvgdtgupdn66305lksk,buqhdbuybepnrwfj45861sfmv,Palacios Reyes Gonzalo Agustin,JUGADOR,
bffaopyydufwglgt88920mius,buqhdbuybepnrwfj45861sfmv,Paez Martin Manuel,JUGADOR,
hxnlaxmrunftwywq91798skbs,buqhdbuybepnrwfj45861sfmv,Muscianisi Santino,JUGADOR,
hlrliircufvyytlo86565dybc,buqhdbuybepnrwfj45861sfmv,Mugneco Juan Ignacio,JUGADOR,
xzebiopakxjtptwg99499bnlr,buqhdbuybepnrwfj45861sfmv,March Juan Cruz,JUGADOR,
zxwulrehbzubxlpe35948ozks,buqhdbuybepnrwfj45861sfmv,Manchado Franco,JUGADOR,
lyitzkajnlnemhxw40001bkre,buqhdbuybepnrwfj45861sfmv,Guzman Skerk Bruno,JUGADOR,
tgmvdedunfjnydbk49293hknr,buqhdbuybepnrwfj45861sfmv,Gonzalez Ventura Emiliano Agustin,JUGADOR,
eyovbnimkzopxxnx11192gsxe,buqhdbuybepnrwfj45861sfmv,Garcia Matias Nicolas,JUGADOR,
pehplawybxsffdue59913tnkn,buqhdbuybepnrwfj45861sfmv,Elizalde Nazareno Gabriel,JUGADOR,
pbxutxgnsdlwjbbp13438giyg,buqhdbuybepnrwfj45861sfmv,Martinez Gregorio,JUGADOR,
cmls1uysj00h1p4cuifkxm7n4,buqhdbuybepnrwfj45861sfmv,Correa Matias,JUGADOR,
tyenjutcffaxkfwt95392audp,buqhdbuybepnrwfj45861sfmv,Orozco Mauricio Jose,JUGADOR,
nnklpbsnvnosbvaj55000tyyv,evgubysfaryqquxp91003epne,Alvarez Romero Gustavo Andres,JUGADOR,
erkhwmlkpjdrxjvx25292ggqt,evgubysfaryqquxp91003epne,Avenda?O Federici Matias Javier,JUGADOR,
cczmrnrmnhduiret00744uqwu,evgubysfaryqquxp91003epne,Barcelo Lombardo Franco Sebastian,JUGADOR,
lvqahcwgopotiiuc12148uhog,evgubysfaryqquxp91003epne,Godoy Ezequiel Emiliano,JUGADOR,
txbhgunsnqetbzml00232eigv,evgubysfaryqquxp91003epne,Godoy Martin Juan Manuel,JUGADOR,
cmepq3gso03ofp4cgw28szljx,evgubysfaryqquxp91003epne,Jury Maximiliano,JUGADOR,
swshcucycymxqqny48257thbc,evgubysfaryqquxp91003epne,Romero Caceres Facundo Ezequiel,JUGADOR,
xkfhkxlbpjueophd19974ubom,evgubysfaryqquxp91003epne,Romero Fernandez Diego Daniel,JUGADOR,
ivgxdowvisdgjsom34383xvxw,evgubysfaryqquxp91003epne,Zulueta Maximo,JUGADOR,
bpgmpupdcgvoddpn91110vbhi,evgubysfaryqquxp91003epne,Ventrera Nicolas,JUGADOR,
kknqlmbzcadcotew66292znjx,evgubysfaryqquxp91003epne,Cornejo Lautaro Leandro,JUGADOR,
cmm4x5u43004ip47j0pd57fl0,evgubysfaryqquxp91003epne,Sosa Gonzalo Gabriel,JUGADOR,
bptvaactaeirbdew79928qysk,evgubysfaryqquxp91003epne,Gonzalez Marcos Nicholas,JUGADOR,
zeqkgtvkxhlcsrdw53434vbva,buqhdbuybepnrwfj45861sfmv,Bajda Agustin Federico,CT,AC
iuliemvvyccgfspa42410anbt,buqhdbuybepnrwfj45861sfmv,Parada Rodrigo Nahuel,CT,AC
cmen89s5p0000p43clv2h5asu,buqhdbuybepnrwfj45861sfmv,Carrillo Gustavo,CT,EA
cme97ina900a8p46a2ch4xaa2,evgubysfaryqquxp91003epne,Navarria Matias,CT,DT
yeg89uq8jn976b36c7pc0j8e,evgubysfaryqquxp91003epne,Garcia Mariano,CT,AC
lwayiagfqwvcuxoc01440xcjq,tziicpsffzkwooln63257wnaj,Busso Juan Ignacio,JUGADOR,
emcskmbrutwoofdt71210eqll,tziicpsffzkwooln63257wnaj,Di Fresco Renzo Jesus,JUGADOR,
tuydqovxkfumgung53668rssy,tziicpsffzkwooln63257wnaj,Fernandez Gaston Nahuel,JUGADOR,
balmrtxxdxpadqnk86191dcxn,tziicpsffzkwooln63257wnaj,Garcia Lautaro Tomas,JUGADOR,
sjypimxutaqlztxn53591hqoa,tziicpsffzkwooln63257wnaj,Gomez Yudica Facundo Agustin,JUGADOR,
ypwuecrpcjdmajxw70558vyqq,tziicpsffzkwooln63257wnaj,Martinez Lopez Santiago,JUGADOR,
iczixiteyphrskdr73949suvc,tziicpsffzkwooln63257wnaj,Soldati Luciano,JUGADOR,
ylwkxwfmiaphllzl84691xqhj,tziicpsffzkwooln63257wnaj,Tejada Lara Facundo Esteban,JUGADOR,
kqacshvhxzvvkoqj08399yxzg,tziicpsffzkwooln63257wnaj,Tejero Rodrigo Agusti­N,JUGADOR,
gktjoraautunhkki69723jbdh,tziicpsffzkwooln63257wnaj,Zuñiga Roman Ezequiel,JUGADOR,
svbpsmayllbmhqkr18644jgkd,tziicpsffzkwooln63257wnaj,Rodriguez Capobianco Lucas Emiliano,JUGADOR,
pgwfchcwjpwrkgue31625qxpg,tziicpsffzkwooln63257wnaj,Perez Bravo Federico Damian,JUGADOR,
hwwfxbpravzwcabv00912xeiv,tziicpsffzkwooln63257wnaj,Martin Garay Tomas Nahuel,JUGADOR,
hzmsarlhlqcumljz05304fbfz,tziicpsffzkwooln63257wnaj,Rojos Pereyra Paul Joshua,JUGADOR,
exmwtixfxaiixzfi70465httk,tziicpsffzkwooln63257wnaj,Matiazzo Millan Fernan Adriel,JUGADOR,
hnqpyrzkubbuflyn29385hbax,rvrkcfvivhratbxd30828eoll,Aciar Juan Cruz,JUGADOR,
tncsmpthhzzvfsrh93386zvfc,rvrkcfvivhratbxd30828eoll,Cortez Ariel Fernando,JUGADOR,
ehyqghjinvocgyxx43364eywa,rvrkcfvivhratbxd30828eoll,Fernandez Juan Pablo,JUGADOR,
hixopxknbxuterqk91780rgjr,rvrkcfvivhratbxd30828eoll,Frugoni Villaplana Gonzalo Agustin,JUGADOR,
hlgcxzenrvhmhzbr24622pzgv,rvrkcfvivhratbxd30828eoll,Gallego Lucas Nicolas,JUGADOR,
xcjmxxeztcivdmtr28710ywjt,rvrkcfvivhratbxd30828eoll,Giachini Caseres Martin Eduardo,JUGADOR,
dnxgkpkjblslopjy97529rvuf,rvrkcfvivhratbxd30828eoll,La Mendola Diego Alexis,JUGADOR,
ywqbgziqyinxrabi30298dwsq,rvrkcfvivhratbxd30828eoll,Ledesma Lautaro German,JUGADOR,
cmffjtzx900gvp4lrhlgi56s1,rvrkcfvivhratbxd30828eoll,Luvello Pizzagalli Ignacio Daniel,JUGADOR,
jnigwtppniqkhxvy92452kxad,rvrkcfvivhratbxd30828eoll,Napoli Portillo Matias Javier,JUGADOR,
gfejqtissiscyyjp60836hyzx,rvrkcfvivhratbxd30828eoll,Perez Caceres Ignacio Joaquin,JUGADOR,
jxwdfrcpujximtoe01979juty,rvrkcfvivhratbxd30828eoll,Piozzini Pereyra Valentin,JUGADOR,
yjgkfoxdqbhnnywo16120biac,rvrkcfvivhratbxd30828eoll,Ramirez Sosa Rodrigo Martin,JUGADOR,
xrsavhjlppkplxnj05263cqjx,rvrkcfvivhratbxd30828eoll,Vallaradez Redondo Teo Santiago,JUGADOR,
tstgvfcrdpwbbdfu09878iiuh,rvrkcfvivhratbxd30828eoll,Arredondo Lautaro,JUGADOR,
cme97in9m009kp46a2kacys1t,tziicpsffzkwooln63257wnaj,Arena David,CT,PF
cme97in9j009ip46aquo7jtqy,tziicpsffzkwooln63257wnaj,Stahringer Pablo,CT,DT
cmffjqm3300gpp4lr9zosit8l,rvrkcfvivhratbxd30828eoll,Corvalan Julio Armando,CT,DT
cmffjrpf000grp4lri721j6o4,rvrkcfvivhratbxd30828eoll,Salinas Cepeda Rodrigo,CT,AC
hgmhzdbeplltkplw50565lyra,clv9y14tc0002s5sdcij3kdes,Alvarez Ordoñez Luciano Thomas,JUGADOR,
pkiuqfedaafpikbs95995egyt,clv9y14tc0002s5sdcij3kdes,Tejeda Matías Eduardo,JUGADOR,
awwmooqoziajgtlu69438dnmg,clv9y14tc0002s5sdcij3kdes,Valdez Valetin Ariel,JUGADOR,
tnvsgjykstidsbxy21258vzdz,clv9y14tc0002s5sdcij3kdes,Viudez Agã¼Ero Santiago Baltasar,JUGADOR,
cnenfrmhvchussdj23228exgr,clv9y14tc0002s5sdcij3kdes,Funes Axel Emiliano,JUGADOR,
wphfyqixvcvmysfq50759agfx,clv9y14tc0002s5sdcij3kdes,Bustos Lautaro,JUGADOR,
rkhdixqsmiilhijf91802xiwt,clv9y14tc0002s5sdcij3kdes,Curello Gonzalo Agustin,JUGADOR,
uknugtsfpiooydwb38764lbdg,clv9y14tc0002s5sdcij3kdes,Di Paola Felipe,JUGADOR,
sqwqhvxspzepiwvg64420nqfy,clv9y14tc0002s5sdcij3kdes,Godoy Gabriel Esteban,JUGADOR,
yzpzoxutljxrhlqy72663iydo,clv9y14tc0002s5sdcij3kdes,Mazzocca Cadelago Román,JUGADOR,
bqzipopvdxoribap48494nuva,clv9y14tc0002s5sdcij3kdes,Ortiz Gaston Alejandro,JUGADOR,
dxfufziiksjknvdw00969mjvj,clv9y14tc0002s5sdcij3kdes,Ortubia Juan Cruz,JUGADOR,
huboijayvmhszchy29170lklb,clv9y14tc0002s5sdcij3kdes,Quevedo Ignacio,JUGADOR,
pmskxxwzrhdbjzpb31162pnjm,clv9y14tc0002s5sdcij3kdes,Rosales Franco José,JUGADOR,
xgrordrieunxqxcp51714pzwc,clv9y14tc0002s5sdcij3kdes,Rosales Del Valle Sebastian Alejo,JUGADOR,
ebmeyhvskdjwlkar45961ccuu,iqsonebbiywvoxzr63562kwcg,Aguilera Martin,JUGADOR,
wvyaczxmewsvnfzm81522grvt,iqsonebbiywvoxzr63562kwcg,Alfaro Ramiro Samuel,JUGADOR,
ulxldsijichhvuwo20561jzgv,iqsonebbiywvoxzr63562kwcg,Barbizzotti Mauro,JUGADOR,
yheiidbikorkcabs75336ljct,iqsonebbiywvoxzr63562kwcg,Cebollada Juan Manuel,JUGADOR,
sulrruxcfowdpcsp45899tohv,iqsonebbiywvoxzr63562kwcg,Corvalan Mauro Damian,JUGADOR,
iegqguzgfkmzsclx80779ikld,iqsonebbiywvoxzr63562kwcg,Frias Aristiaran Agustin Francisco,JUGADOR,
rpwwnxcytpoxgofj76397dxca,iqsonebbiywvoxzr63562kwcg,Olivares Matias Santiago,JUGADOR,
upkaggieqasgfygg54804hsrf,iqsonebbiywvoxzr63562kwcg,Ortiz Emmanuel Carlos,JUGADOR,
pkcgdkhnhphseppf51716uuft,iqsonebbiywvoxzr63562kwcg,Pitaro Uncal Patricio Martin,JUGADOR,
bpkatskbzzdkgyzz45913wcle,iqsonebbiywvoxzr63562kwcg,Polito Ruiz Jeronimo,JUGADOR,
bdkwaiyrglasrwnc35863znrr,iqsonebbiywvoxzr63562kwcg,Riveros Rodrigo Nicolas,JUGADOR,
pxljghllduhjdbnn03038vvxp,iqsonebbiywvoxzr63562kwcg,Rodriguez Gonzalo Agustin,JUGADOR,
ktsboxmqxjrcwfup12298ejzz,iqsonebbiywvoxzr63562kwcg,Xavier Matias Nicolas,JUGADOR,
dspfqnhuyjbqmqox01900qysv,iqsonebbiywvoxzr63562kwcg,Sola Salinas Esteban Ismael,JUGADOR,
cmls29gnw00kbp4cuqv4cwfc5,iqsonebbiywvoxzr63562kwcg,Giacobone Tomás,JUGADOR,
dvrqhgwumcwnvtdq13347qgqc,clv9y14tc0002s5sdcij3kdes,Alliana Rolando Andres,CT,AC
cmhdqh9xl008pp4q2ewteygja,clv9y14tc0002s5sdcij3kdes,Morganti Juan,CT,PF
cme97in9v009up46a8kx50y4h,clv9y14tc0002s5sdcij3kdes,Videla Claudio Dario,CT,PF
ljxcoqzuymptsiuy15671oqgu,clv9y14tc0002s5sdcij3kdes,Castro Mario,CT,DT
wbftkbsctsgeydgc14024vkae,iqsonebbiywvoxzr63562kwcg,Gonzalez Ezequiel Leandro,CT,DT
cmedf1v4l0011p4ftqebpo6xr,iqsonebbiywvoxzr63562kwcg,Gurritto Diego,CT,PF
jjfrkysfcllcxtyr18359fkii,qcovjxoltlivasyy94560eqge,Codes Alejandro,JUGADOR,
ayqzuxeolapxwyui60900xfrx,qcovjxoltlivasyy94560eqge,Alvarez Kevin Nicolas,JUGADOR,
gctbzruercpusrky56695tnhc,qcovjxoltlivasyy94560eqge,Escudero Ignacio,JUGADOR,
xgcrqjtrvxncupxq26512lyyz,qcovjxoltlivasyy94560eqge,Flores Tarauni Erwin Ruben,JUGADOR,
vagnbtcrgepflefe19000moob,qcovjxoltlivasyy94560eqge,Mazzocato Carrion Bautista Gino,JUGADOR,
favgaqukaxbtdnos14961cfyo,qcovjxoltlivasyy94560eqge,Moreno Encina Giuliano,JUGADOR,
ckyssdfgsmczasma36802sjko,qcovjxoltlivasyy94560eqge,Santander Juan Cruz,JUGADOR,
yvycdoqcshjvpmir28657oxxx,qcovjxoltlivasyy94560eqge,Lorenzo Zapata Nicolas,JUGADOR,
uujthwcnjmzuqzli91597ahzh,qcovjxoltlivasyy94560eqge,Mancuso Mateo Alejandro,JUGADOR,
wwowzcmqnciggcly27197yjch,qcovjxoltlivasyy94560eqge,Solar Thiago,JUGADOR,
pwxutfmucbrqvfpg73912gsth,qcovjxoltlivasyy94560eqge,Soneira Varas Joaquin,JUGADOR,
cmlgjswom001tp45a8rxuznsm,qcovjxoltlivasyy94560eqge,Barbugli Francisco,JUGADOR,
fbgxpodjzzgmcunu94229xfvy,qcovjxoltlivasyy94560eqge,Leon Corroza Facundo Emmanuel,JUGADOR,
nexvcgvflpfuhmys37699fnfz,qcovjxoltlivasyy94560eqge,Altamirano Vega Tiziano Jonas,JUGADOR,
iuvafvbfkawggice64819yqih,qcovjxoltlivasyy94560eqge,Salinas Ricardo Hernan,JUGADOR,
poqkvtdixvqfkmqz35658mnua,tpuenmmsfepzkuvs52687qkrz,Cuello Biondini Hernan Sebastian,JUGADOR,
ptebisokzmkbctpe25384fhhp,tpuenmmsfepzkuvs52687qkrz,Guisasola De Rodt Maximo Benjamin,JUGADOR,
hfskgbsocmsewdxi98914mitt,tpuenmmsfepzkuvs52687qkrz,Lemos Lozano Lucas Nicolas,JUGADOR,
vhmddpyzaoxjhdez50566iljx,tpuenmmsfepzkuvs52687qkrz,Marquez Moyano Lautaro Daniel,JUGADOR,
zeuvbazqtfnbtwgs35506ofdi,tpuenmmsfepzkuvs52687qkrz,Toledo Enzo Ariel,JUGADOR,
hruyyxwnqvruyaup59640ehmx,tpuenmmsfepzkuvs52687qkrz,Colombo Facundo Ariel,JUGADOR,
zlqohpcixwmxvhfr27363jnjm,tpuenmmsfepzkuvs52687qkrz,Coria Enzo Fernando,JUGADOR,
akayomhfruivvmyg19915yiqy,tpuenmmsfepzkuvs52687qkrz,Valdemoros Tomas,JUGADOR,
chjeursuokgvambl23572fxvo,tpuenmmsfepzkuvs52687qkrz,Ojer Ciro,JUGADOR,
eagdbxrklkuzdcoe46278tomf,tpuenmmsfepzkuvs52687qkrz,Cuevas Ramiro Hernan,JUGADOR,
ubywwxieqqnpqvzb38288cadl,tpuenmmsfepzkuvs52687qkrz,Lucero Moron Ignacio Nahuel,JUGADOR,
xnjineysxcotphte51450ebxu,tpuenmmsfepzkuvs52687qkrz,Salinas Rodriguez Renzo Nicolas,JUGADOR,
hihjlisjklaoskue47066hktc,tpuenmmsfepzkuvs52687qkrz,Taborda Ricardo Exequiel,JUGADOR,
cvrmgobezxujryxf51034cqsv,tpuenmmsfepzkuvs52687qkrz,Cornu Matias Facundo,JUGADOR,
vjunfyeszttpbxfm68960bzlk,tpuenmmsfepzkuvs52687qkrz,Sulia Lautaro,JUGADOR,
cme97in9z009yp46af9o9q9o2,qcovjxoltlivasyy94560eqge,Oropel José Enrique,CT,DT
cmm4zpgaa000dp455crphfov8,qcovjxoltlivasyy94560eqge,Castilla Cesar,CT,PF
shgjtmdaczkubpko90202jldb,qcovjxoltlivasyy94560eqge,Gomez Juan,CT,DE
vuwqvspkffxyhpav10196hjsy,qcovjxoltlivasyy94560eqge,Riveira Walter,CT,AC
cmedf1v41000jp4ftt8yl0fic,tpuenmmsfepzkuvs52687qkrz,Algañaraz Leandro Abel,CT,PF
cmedf1v48000pp4ftbwexllws,tpuenmmsfepzkuvs52687qkrz,Strugo Eduardo,CT,DT
cmedf1v45000np4ftup0st7h5,tpuenmmsfepzkuvs52687qkrz,Vega Matias Federico,CT,EA
bhdervsuzofwtlvy75671wgup,tpuenmmsfepzkuvs52687qkrz,Felipe Guillermo,CT,AC
dvzvnmuvdrvgwovc34092zkod,adrithlvwtdhgcxm44467psde,Bertirossi Bianchi Agustin Orlando,JUGADOR,
uctqsxtxtpozuyre51784adrg,adrithlvwtdhgcxm44467psde,Corti Trujillo Gaston,JUGADOR,
ovpumvhksajmqgok70299mghe,adrithlvwtdhgcxm44467psde,De Oto Giorgi Santino,JUGADOR,
yvplyyjfnltprcxu33965yfvl,adrithlvwtdhgcxm44467psde,Del Olmo Santiago,JUGADOR,
nlscdvmxheisspko04434zoeo,adrithlvwtdhgcxm44467psde,Gallegos Jonathan Anibal,JUGADOR,
egzbesrpxjtjifqa54954dyen,adrithlvwtdhgcxm44467psde,Marin Derani Galo,JUGADOR,
idjjqqqkdkwhlrnh60060pvoj,adrithlvwtdhgcxm44467psde,Origaen Gomez Matias Gabriel,JUGADOR,
moawbtgidvahblye04654qukn,adrithlvwtdhgcxm44467psde,Stallocca Curletto Gino,JUGADOR,
bxxxwgcqziarkong18237yusk,adrithlvwtdhgcxm44467psde,Zorrilla Santiago,JUGADOR,
rdgejrocfbxpofrz39141zdjp,adrithlvwtdhgcxm44467psde,Rigoni Martinez Alvaro Juan,JUGADOR,
bqkcpzelupyfvmig65060bsjv,adrithlvwtdhgcxm44467psde,Casalegno Gonzalo Ramiro,JUGADOR,
putsbbtxjfmsjbsp66101hlyl,adrithlvwtdhgcxm44467psde,Moyano Manfredi Martino,JUGADOR,
dgsgelyoeqxqpkkb47527ndwy,adrithlvwtdhgcxm44467psde,Guiñez Tomas,JUGADOR,
tsmnsudutcqtripi02767hfgn,adrithlvwtdhgcxm44467psde,Merin Chiarparin Lautaro,JUGADOR,
bxgrntwurfokntgy10177bjek,adrithlvwtdhgcxm44467psde,Marquez Tomas Ezequiel,JUGADOR,
jcvihkuejfgjrjgf00633slvw,jlmvlskhdofdgywx21537tyml,Adid Farid Adrian,JUGADOR,
kictfeqiufvvxrzw98246guwd,jlmvlskhdofdgywx21537tyml,Ahumada Enzo Sebastian,JUGADOR,
mwzhdgbxbaxtpkyv98228yabd,jlmvlskhdofdgywx21537tyml,Alcaraz Alexis Sebastian,JUGADOR,
fdiqrplfuljkqayo04112bccx,jlmvlskhdofdgywx21537tyml,Cataldo Joan Manuel,JUGADOR,
cmedgsbh2001ep4fttfwzd9th,jlmvlskhdofdgywx21537tyml,Ficarra Bruno,JUGADOR,
fxhitdmsxnjsubfv50634ifju,jlmvlskhdofdgywx21537tyml,Lopez Molina Facundo Nicolas,JUGADOR,
nqnkbgiftzwatopt57358lexj,jlmvlskhdofdgywx21537tyml,Pereira Rodrigo Carlos,JUGADOR,
xuczrojwhkgvhdub00034zuct,jlmvlskhdofdgywx21537tyml,Ramos Gonzalo Matias,JUGADOR,
xrclckceqmtbjwwu95489uunw,jlmvlskhdofdgywx21537tyml,Gelvez Parlanti Dante Benjamin,JUGADOR,
dbwvuursrhjpymdb15300siyo,jlmvlskhdofdgywx21537tyml,Anastasi Santiago Federico,JUGADOR,
cmm23ve3w00c5p4ksavedj9zg,jlmvlskhdofdgywx21537tyml,Lucero Mauro Nicolas,JUGADOR,
hscivrseyygzlsob86667uecz,jlmvlskhdofdgywx21537tyml,Marino Gonzalez German Ramiro,JUGADOR,
fnugecpkidujmijt01403mtyu,jlmvlskhdofdgywx21537tyml,Ojeda Julian Ariel,JUGADOR,
cjdaecvihhgazlfa65420mmai,jlmvlskhdofdgywx21537tyml,Castro Juan Agustin,JUGADOR,
cme97ina300a2p46asu6k5k49,adrithlvwtdhgcxm44467psde,Longo Pablo,CT,DT
qxwfemgebdjchioy41336smmt,jlmvlskhdofdgywx21537tyml,Nacif Pablo Nicolas,CT,DT
iecletsiojeyrfsd16943btzv,jlmvlskhdofdgywx21537tyml,Olivera Lucas Daniel,CT,AC
wwdwwcnhoaxnwvbt84913gcak,jlmvlskhdofdgywx21537tyml,Ficarra Marcelo,CT,EA
